Loc,Vill,Lat,Long,Geomorphology,RockChar,OverburdenThickness,Hydrology,Erosion,Rainfall,Anthropogenic,SlopeType,LandslideMaterial,Movement,Style,Susceptibility
L1,Dubatta,"30°48'36.9""","78°13'10.7""",MDDHS,Sheared,1-2m,Dry,yes,yes,yes,steep,Rock,Fall,Single,high
L2,Dubatta,"30°48'35.5""","78°13'8.5""",HDDHS,Massive,0-1m,Dry,no,no,yes,Moderate,Rock,Slide,Single,high
L3,Dubatta,"30°48'40""","78°13'6.2""",HDDHS,Massive,0-1m,Dry,no,no,yes,Moderate,Rock,Slide,Single,high
L4,Chattanga,30°48'50.9,"78°13'18.9""",MDDHS,Fractured,1-2m,Dry,yes,no,yes,gentle,Rock,Slide,Multi,high
L5,Chattanga,"30°49'00.5""","78°13'34.8""",DHS,Massive,0-1m,Dry,no,yes,yes,Moderate,Rock,Topple,Single,high
L6,Chattanga,"30°49'00.2""","78°13'33.7""",DHS,Sheared,0-1m,Dry,no,yes,yes,steep,Rock,Fall,Single,high
L7,Chattanga,"30°49'06.3""","78°13'40.3""",DHS,Sheared,0-1m,Dry,no,yes,yes,steep,Rock,Fall,Single,high
L8,Chattanga,"30°49'11.2""","78°14'18.4""",TMS,Jointed,>5m,Dry,yes,no,yes,Moderate,Debris,Slide,Multi,low
L9,Chattanga,"30°49'12.0""","78°14'03.0""",CFS,Massive,>5m,Dry,no,yes,yes,Moderate,Debris,Slide,Single,moderate
L10,Tatau,"30°49'40.6""","78°13'32.7""",HDDHS,Massive,>5m,Dry,no,yes,yes,Moderate,Debris,Slide,Single,high
L11,Sarnaul,"30°55'26.4""","78°13'18.9""",RBM,Sheared,>5m,Dry,yes,no,yes,gentle,Debris,Slide,Multi,high
L12,Sarnaul,"30°54'24""","78°12'16""",Terrace,Sheared,>5m,Dry,yes,no,yes,Moderate,Debris,Slide,Single,high
L13,Sarnaul,"30°55'24.8""","78°13'27.1""",HDDHS,Fractured,0-1m,Dry,yes,no,yes,steep,Rock,Fall,Single,high
L14,Sarnaul,"30°55'26.2""","78°13'26.6""",DHS,Fractured,0-1m,Dry,no,no,yes,steep,Rock,Fall,Single,high
L15,Sarnaul,"30°55'24.6""","78°13'25.4""",DHS,Fractured,0-1m,Dry,no,no,yes,steep,Rock,Fall,Single,high
L16,Sarnaul,"30°54'59.2""","78°13'49.1""",MDDHS,Jointed,0-1m,Dry,no,yes,yes,Moderate,Rock,Slide,Multi,moderate
L17,Sarnaul,"30°55'2.2""","78°13'43.3""",DHS,Sheared,0-1m,Dry,no,yes,yes,Moderate,Debris,Slide,Single,high
L18,Sarnaul/Gadhal gaon,"30°54'57.1""","78°13'50.3""",DHS,Sheared,0-1m,Dry,no,yes,yes,steep,Rock,Fall,Single,moderate
L19,Gadhal gaon,"30°55'03.3""","78°13'24.1""",DHS,Sheared,0-1m,Dry,no,yes,yes,steep,Rock,Fall,Single,high
L20,Gadhal gaon,"30°54'47.7""","78°13'42.7""",DHS,Sheared,0-1m,Dry,no,yes,yes,steep,Rock,Fall,Single,high
L21,Chaptari,"30°54'38.6""","78°13'49.4""",DHS,Sheared,0-1m,Dry,no,yes,yes,steep,Rock,Slide,Single,moderate
L22,Jarra,"30°45'09.8""","78°05'33.3""",DHS,Sheared,0-1m,Dry,no,yes,yes,steep,Rock,Slide,Single,high
L23,Jarra,"30°45'52.3""","78°06'19.3""",MDDHS,Jointed,1-2m,Dry,no,yes,yes,steep,Rock,Slide,Single,high
L24,Jarra,"30°46'19.3""","78°06'39.8""",DHS,Massive,1-2m,Dry,no,yes,yes,Moderate,Rock,Slide,Single,moderate
L25,Jarra,"30°46'22.6""","78°06'41.0""",TMS,Massive,2-5m,Dry,no,yes,yes,gentle,Rock,Topple,Single,low
L26,Jarra,"30°46'44.4""","78°06'53.0""",TMS,Jointed,>5m,Flowing,no,no,yes,Moderate,Debris,Slide,Single,high
L27,Jarra,"30°46'42.3""","78°06'52.3""",MDDHS,Sheared,0-1m,Flowing,yes,no,yes,gentle,Rock,Topple,Single,low
L28,Daidunga,"30°46'45""","78°06'46""",DHS,Fractured,0-1m,Flowing,yes,no,yes,gentle,Rock,Slide,Single,high
L29,Daidunga,"30°46'49""","78°06'50""",DHS,Fractured,0-1m,Flowing,yes,no,yes,steep,Rock,Slide,Single,high
L30,Daidunga,"30°46'49.7""","78°09'22.7""",HDDHS,Massive,0-1m,Flowing,no,yes,yes,Moderate,Debris,Slide,Single,high
L31,Bingsi,"30°46'22.7""","78°08'01.0""",HDDHS,Sheared,0-1m,Flowing,yes,no,yes,steep,Rock,Slide,Single,moderate
L32,Bingsi,"30°46'21.8""","78°08'01.3""",Terrace,Massive,1-2m,Wet,yes,no,yes,Moderate,Rock,Slide,Single,low
L33,Kimmi,"30°46'24.4""","78°07'37.5""",TMS,Jointed,>5m,Damp,yes,yes,yes,gentle,Debris,Slide,Multi,high
L34,Kimmi,"30°46'54""","78°08'14.4""",MDDHS,Massive,>5m,Dry,no,yes,yes,gentle,Debris,Slide,Multi,high
L35,Kimmi,"30°46'55.2""","78°08'08.9""",TMS,Massive,>5m,Dry,yes,no,yes,Moderate,Debris,Slide,Multi,moderate
L36,Murari,"30°47'20""","78°09'28""",TMS,Massive,>5m,Dry,yes,yes,yes,Moderate,Debris,Slide,Single,moderate
L37,Murari,"30°47'15.8""","78°09'19.0""",CFS,Sheared,>5m,Dry,yes,no,yes,Moderate,Debris,Slide,Multi,low
L38,Kapnaul,"30°45'11.4""","78°10'38.9""",Terrace,Sheared,>5m,Dry,yes,no,yes,Moderate,Debris,Slide,Single,low
L39,Kapnaul,"30°45'11.7""","78°10'32.9""",Terrace,Sheared,>5m,Dry,yes,no,yes,Moderate,Debris,Slide,Single,moderate
L40,Kapnaul,"30°45'14.3""","78°10'35""",DMD,Sheared,0-1m,Dry,no,yes,yes,steep,Rock,Slide,Single,moderate
L41,Kapnaul,"30°45'13.9""","78°10'34""",MDDHS,Sheared,0-1m,Dry,no,no,yes,Moderate,Rock,Slide,Multi,moderate
L42,Kapnaul,"30°45'14.8""","78°10'38.1""",MDDHS,Sheared,0-1m,Dry,no,no,yes,steep,Rock,Slide,Single,moderate
L43,Kapnaul,"30°45'17.1""","78°11'10.8""",MDDHS,Sheared,0-1m,Dry,no,yes,yes,steep,Rock,Slide,Single,moderate
L44,UK,30°45'28.2,"78°11'24.7""",DHS,Fractured,0-1m,Dry,no,no,yes,steep,Rock,Slide,Single,moderate
L45,UK,"30°45'23.6""","78°11'35.8""",DHS,Jointed,0-1m,Dry,no,no,yes,steep,Rock,Slide,Single,moderate
L46,UK,"30°45'28.2""","78°11'41.8""",DHS,Jointed,0-1m,Dry,no,no,yes,steep,Rock,Slide,Single,moderate
L47,UK,"30°45'27.8""","78°11'47.5""",DHS,Jointed,0-1m,Dry,no,no,yes,steep,Rock,Slide,Single,moderate
L48,UK,"30°45'34.5""","78°11'40.8""",DHS,Jointed,0-1m,Dry,no,no,yes,steep,Rock,Slide,Single,moderate
L49,UK,"30°45'34.6""","78°11'41.6""",DHS,Jointed,0-1m,Dry,no,no,yes,gentle,Rock,Slide,Single,moderate
L50,UK,"30°45'28.8""","78°13'23.8""",DHS,Jointed,0-1m,Dry,no,no,yes,gentle,Rock,Slide,Single,moderate
L51,UK,"30°48'50""","78°08'48""",HDDHS,Jointed,0-1m,Dry,no,yes,yes,gentle,Rock,Slide,Single,moderate
L52,Khansi,"30°48'50.9""","78°09'16.6""",DHS,Massive,0-1m,Dry,no,yes,yes,steep,Rock,Slide,Single,moderate
L53,Paletha,"30°48'28.9""","78°09'16.9""",HDDHS,Massive,0-1m,Dry,no,yes,yes,gentle,Rock,Fall,Multi,moderate
L54,Paletha,"30°48'28.7""","78°09'19.0""",MDDHS,Massive,0-1m,Dry,no,yes,yes,steep,Rock,Slide,Single,moderate
L55,Paletha,"30°48'25""","78°09'04""",MDDHS,Massive,0-1m,Dry,no,yes,yes,steep,Rock,Slide,Single,moderate
L56,Tunalka,"30°47'52""","78°09'07""",DHS,Sheared,0-1m,Dry,no,yes,yes,steep,Rock,Slide,Single,moderate
L57,Tunalka,"30°47'46""","78°09'06""",HDDHS,Sheared,0-1m,Dry,no,yes,yes,Moderate,Rock,Slide,Single,moderate
L58,Kotiyal?gaon,"30°48'30""","78°08'50.7""",MDDHS,Massive,1-2m,Dry,yes,yes,yes,Moderate,Debris,Slide,Single,low
L59,Kotiyal?gaon,"30°47""54.5""","78°08'42.3""",MDDHS,Sheared,2-5m,Dry,no,yes,yes,gentle,Rock,Slide,Single,low
L60,UK,"30°48'26.2""","78°10'59.9""",TMS,Jointed,2-5m,Dry,no,no,yes,gentle,Debris,Slide,Multi,low
L61,Bagasu?Paunti,"30°48'29""","78°10'58""",TMS,Jointed,0-1m,Wet,yes,no,yes,steep,Rock,Slide,Single,low
L62,Bagasu?Paunti,"30°48'24.9""","78°11'13.2""",HDDHS,Jointed,2-5m,Damp,yes,yes,no,Moderate,Debris,Slide,Single,low
L63,Paunti,"30°48'31""","78°12'02.5""",HDDHS,Massive,2-5m,Damp,no,yes,yes,Moderate,Debris,Slide,Single,low
L64,Paunti,"30°48'56.5""","78°11'55.8""",CFS,Jointed,>5m,Dry,no,yes,yes,Moderate,Debris,Slide,Single,low
L65,Syanachatti,"30°54'31.5""","78°22'01.0""",TMS,Jointed,>5m,Dry,yes,no,yes,Moderate,Debris,Slide,Single,low
L66,Syanachatti,"30°54'21.2""","78°21'48.1""",TMS,Jointed,>5m,Dry,yes,no,yes,Moderate,Debris,Slide,Single,low
L67,Syanachatti,"30°54'12""","78°21'35.2""",TMS,Jointed,>5m,Dry,no,yes,no,gentle,Debris,Slide,Multi,low
L68,Syanachatti,"30°53'31""","78°22'18""",TMS,Jointed,>5m,Dry,no,yes,yes,Moderate,Debris,Slide,Single,high
L69,UK,"30°54'29.0""","78°21'33""",CFS,Massive,>5m,Dry,no,yes,yes,Moderate,Debris,Slide,Single,high
L70,Syanachatti,"30°54'15.2""","78°21'32.3""",HDDHS,Massive,>5m,Dry,yes,no,no,gentle,Rock,Slide,Single,low
L71,Syanachatti,"30°54'19""","78°21'27.1""",MDDHS,Massive,>5m,Dry,yes,yes,yes,Moderate,Debris,Slide,Single,high
L72,Syanachatti,"30°54'15""","78°21'28""",TMS,Massive,>5m,Dry,yes,yes,yes,Moderate,Debris,Slide,Single,low
L73,Kunsala,"30°54'14""","78°21'02""",MDDHS,Sheared,>5m,Dry,yes,no,yes,Moderate,Debris,Slide,Complex,low
L74,Kunsala,"30°54'14""","78°21'01""",Terrace,Sheared,>5m,Dry,yes,no,no,Moderate,Debris,Slide,Single,low
L75,UK,"30°54'44""","78°21'16""",Terrace,Sheared,>5m,Dry,yes,no,yes,Moderate,Debris,Slide,Single,moderate
L76,UK,"30°54'32""","78°20'20""",TMS,Sheared,>5m,Dry,yes,no,yes,Moderate,Debris,Slide,Single,low
L77,Wozri,"30°54'21.5""","78°20'40.5""",MDDHS,Fractured,0-1m,Dry,no,yes,yes,gentle,Rock,Slide,Single,low
L78,Tirkhali,"30°54'12""","78°20'27""",MDDHS,Fractured,0-1m,Dry,no,yes,yes,gentle,Rock,Slide,Single,high
L79,Wozri,"30°54'14.4""","78°20'32.2""",MDDHS,Jointed,0-1m,Dry,no,yes,yes,gentle,Rock,Slide,Single,high
L80,Wozri,"30°54'15.6""","78°20'31""",MDDHS,Jointed,0-1m,Dry,no,yes,yes,gentle,Rock,Slide,Single,high
L81,Tirkhali,"30°54'14""","78°20'20""",MDDHS,Jointed,0-1m,Dry,no,yes,yes,gentle,Rock,Slide,Single,high
L82,Wozri,"30°54'23.8""","78°20'11.8""",HDDHS,Massive,0-1m,Dry,no,no,yes,gentle,Rock,Topple,Single,high
L83,Wozri,"30°54'26""","78°20'10.9""",HDDHS,Massive,0-1m,Dry,no,no,yes,gentle,Rock,Slide,Single,high
L84,Wozri,"30°54'16""","78°20'04""",MDDHS,Massive,0-1m,Dry,no,no,yes,Moderate,Rock,Slide,Single,high
L85,Wozri,"30°54'20""","78°20'05""",MDDHS,Massive,0-1m,Dry,no,no,yes,gentle,Rock,Slide,Single,high
L86,uk,"30°54'44""","78°20'08""",HDDHS,Sheared,0-1m,Dry,no,yes,yes,gentle,Rock,Slide,Single,high
L87,uk,"30°54'46""","78°20'01""",MDDHS,Sheared,0-1m,Dry,no,no,yes,Moderate,Rock,Slide,Single,high
L88,Wozri,"30°54'29.5""","78°20'02""",MDDHS,Sheared,0-1m,Dry,no,no,yes,Moderate,Rock,Slide,Single,high
L89,Wozri/Trikhali,"30°54'13.5""","78°19'43.4""",MDDHS,Sheared,0-1m,Dry,no,no,yes,gentle,Rock,Topple,Single,high
L90,Wozri,"30°54'17""","78°20'0.5""",CFS,Fractured,0-1m,Dry,no,no,yes,gentle,Rock,Slide,Single,high
L91,uk,"30°54'07.9""","78°19'41.7""",DHS,Fractured,0-1m,Dry,no,no,yes,gentle,Rock,Slide,Single,high
L92,UK,"30°54'05.3""","78°19'39.7""",HDDHS,Fractured,0-1m,Dry,no,no,yes,Moderate,Rock,Slide,Single,high
L93,uk,"30°54'02""","78°19'44""",DHS,Jointed,0-1m,Dry,no,no,yes,Moderate,Rock,Slide,Single,high
L94,uk,"30°54'04""","78°19'32""",HDDHS,Jointed,0-1m,Dry,no,no,yes,gentle,Rock,Slide,Single,high
L95,uk,"30°54'0.1""","78°19'32.4""",MDDHS,Jointed,0-1m,Dry,no,yes,no,Moderate,Rock,Slide,Multi,high
L96,uk,"30°53'56.9""","78°19'32.5""",DHS,Massive,0-1m,Dry,no,yes,yes,gentle,Rock,Slide,Single,high
L97,uk,"30°53'52.6""","78°19'35.2""",HDDHS,Massive,0-1m,Dry,no,yes,yes,Moderate,Rock,Slide,Single,high
L98,UK,"30°53'49.0""","78°19'32.2""",HDDHS,Massive,0-1m,Dry,no,yes,yes,gentle,Rock,Slide,Single,high
L99,UK,"30°53'38""","78°19'30""",DHS,Sheared,0-1m,Dry,no,yes,yes,gentle,Rock,Slide,Single,high
L100,UK,"30°53'38""","78°19'26""",MDDHS,Fractured,0-1m,Dry,yes,yes,yes,Steep,Rock,Slide,Single,high
L101,UK,"30°53'36""","78°19'17""",MDDHS,Fractured,0-1m,Dry,yes,yes,yes,Steep,Rock,Slide,Single,high
L102,UK,"30°53'46""","78°19'12""",MDDHS,Fractured,0-1m,Dry,yes,yes,yes,Steep,Rock,Slide,Single,high
L103,UK,"30°53'34""","78°19'08""",MDDHS,Fractured,0-1m,Dry,yes,yes,yes,Steep,Rock,Slide,Single,high
L104,UK,"30°53'32""","78°19'09""",MDDHS,Fractured,0-1m,Dry,no,yes,yes,steep,Rock,Slide,Single,high
L105,UK,"30°53'24.2""","78°18'56.5""",HDDHS,Jointed,0-1m,Dry,yes,no,yes,Steep,Rock,Slide,Single,high
L106,UK,"30°53'20.2""","78°18'52.4""",HDDHS,Jointed,0-1m,Dry,no,yes,yes,steep,Rock,Slide,Single,high
L107,UK,"30°53'19.6""","78°18'50""",MDDHS,Jointed,0-1m,Dry,yes,yes,yes,Moderate,Rock,Slide,Multi,high
L108,UK,"30°53'32""","78°18'49""",MDDHS,Jointed,0-1m,Dry,no,yes,yes,steep,Rock,Slide,Single,high
L109,UK,"30°53'13.5""","78°18'39.6""",MDDHS,Jointed,0-1m,Dry,yes,yes,yes,steep,Rock,Slide,Single,high
L110,UK,"30°53'14.1""","78°18'38.1""",MDDHS,Jointed,0-1m,Dry,no,yes,yes,steep,Rock,Slide,Single,high
L111,Yamunachatti,"30°53'14.2""","78°18'34.9""",MDDHS,Jointed,0-1m,Dry,no,yes,yes,steep,Rock,Slide,Single,high
L112,Yamunachatti,"30°53'15""","78°18'33.6""",MDDHS,Jointed,0-1m,Dry,no,yes,yes,steep,Rock,Slide,Single,high
L113,Yamunachatti,"30°53'15""","78°18'31.8""",TMS,Jointed,0-1m,Dry,yes,yes,yes,Steep,Rock,Slide,Single,high
L114,Paligad,"30°53'11.1""","78°18'27.3""",TMS,Jointed,0-1m,Dry,yes,no,yes,Steep,Rock,Slide,Single,high
L115,Yamunachatti,"30°53'16.1""","78°18'25.1""",HDDHS,Massive,0-1m,Dry,yes,no,yes,Moderate,Rock,Slide,Multi,high
L116,Paligad,"30°53'28.5""","78°18'15.5""",MDDHS,Massive,0-1m,Dry,yes,no,yes,Steep,Rock,Slide,Single,high
L117,Paligad,"30°53'30.0""","78°18'10""",MDDHS,Massive,0-1m,Dry,no,no,yes,Moderate,Rock,Slide,Multi,high
L118,UK,"30°53'35""","78°18'06""",MDDHS,Massive,0-1m,Dry,yes,no,yes,Moderate,Rock,Slide,Single,high
L119,Yamunachatti,"30°52'48.6""","78°18'34.7""",MDDHS,Massive,0-1m,Dry,yes,no,yes,Moderate,Rock,Slide,Single,high
L120,Yamunachatti,"30°52'46.5""","78°18'36.8""",MDDHS,Massive,0-1m,Dry,no,yes,yes,steep,Rock,Slide,Single,high
L121,Kuthnaur,"30°52'36""","78°18'32""",HDDHS,Sheared,0-1m,Dry,yes,yes,yes,steep,Rock,Slide,Single,high
L122,UK,"30°52'26.9""","78°18'15.4""",LDDHS,Sheared,0-1m,Dry,yes,yes,yes,steep,Rock,Slide,Single,high
L123,Kuthnaur,"30°52'27""","78°18'14""",MDDHS,Sheared,0-1m,Dry,yes,no,yes,Moderate,Rock,Slide,Single,high
L124,Kuthnaur,"30°52'16""","78°18'03""",MDDHS,Sheared,0-1m,Dry,yes,no,yes,Moderate,Rock,Slide,Multi,high
L125,Kuthnaur,"30°52'07.4""","78°17'53.5""",MDDHS,Sheared,0-1m,Dry,yes,yes,yes,Moderate,Rock,Slide,Multi,high
L126,UK,"30°51'48.7""","78°17'46""",MDDHS,Sheared,0-1m,Dry,no,no,yes,Moderate,Rock,Slide,Multi,high
L127,UK,"30°51'46.9""","78°17'42.7""",MDDHS,Sheared,0-1m,Dry,no,no,yes,steep,Rock,Slide,Single,high
L128,Sunaldi,"30°49'30""","78°12'36""",MDDHS,Sheared,0-1m,Dry,no,yes,yes,steep,Rock,Slide,Single,high
L129,Sunaldi,"30°49'32""","78°12'45""",MDDHS,Sheared,0-1m,Dry,no,yes,yes,steep,Rock,Slide,Single,high
L130,Sunaldi,"30°49'20""","78°12'35""",MDDHS,Sheared,0-1m,Dry,no,yes,yes,Moderate,Rock,Slide,Succe.,high
L131,Sunaldi,"30°49'22""","78°12'35""",CC,Fractured,0-1m,Dry,no,no,yes,steep,Rock,Slide,Single,high
L132,Sunaldi,"30°49'23.1""","78°12'37.3""",CFS,Fractured,0-1m,Dry,no,no,yes,gentle,Rock,Slide,Complex,high
L133,Sunaldi,"30°49'13.7""","78°12'41.3""",DHS,Fractured,0-1m,Dry,no,no,yes,Steep,Rock,Slide,Single,high
L134,Kursila,"30°52'12""","78°17'10.8""",DHS,Fractured,0-1m,Dry,no,no,yes,gentle,Rock,Slide,Single,high
L135,Khanera,"30°51'38.6""","78°17'14.3""",LDDHS,Fractured,0-1m,Dry,yes,no,yes,Steep,Rock,Slide,Single,high
L136,Khanera,"30°51'37.2""","78°17'14.6""",MDDHS,Fractured,0-1m,Dry,yes,no,yes,steep,Rock,Slide,Single,high
L137,UK,"30°51'34.5""","78°17'16.9""",TMS,Fractured,0-1m,Dry,yes,no,yes,Moderate,Rock,Fall,Multi,high
L138,Kishala/_Khenera,"30°51'25""","78°17'11.9""",DHS,Jointed,0-1m,Dry,no,no,yes,steep,Rock,Slide,Single,high
L139,Kishala,"30°51'16.6""","78°17'07.4""",HDDHS,Jointed,0-1m,Dry,yes,no,yes,Steep,Rock,Slide,Single,high
L140,kishala,"30°51'19""","78°16'55""",HDDHS,Jointed,0-1m,Dry,yes,no,yes,Steep,Rock,Slide,Single,high
L141,Kishala,"30°51'16""","78°16'54""",HDDHS,Jointed,0-1m,Dry,yes,no,yes,Steep,Rock,Slide,Single,high
L142,Kishala,"30°51'36""","78°16'57""",HDDHS,Jointed,0-1m,Dry,yes,no,yes,gentle,Rock,Slide,Single,high
L143,Kharadi,"30°51'03.2""","78°17'2.2""",MDDHS,Jointed,0-1m,Dry,yes,no,yes,Steep,Rock,Slide,Single,high
L144,Kharadi,"30°50'51""","78°16'36""",MDDHS,Jointed,0-1m,Dry,yes,yes,yes,Moderate,Rock,Slide,Multi,high
L145,Kharadi,"30°50'44.5""","78°16'23.6""",MDDHS,Jointed,0-1m,Dry,yes,yes,yes,Moderate,Rock,Slide,Multi,high
L146,Phuldhar,"30°51'01.5""","78°16'30""",MDDHS,Jointed,0-1m,Dry,no,yes,yes,steep,Rock,Slide,Single,high
L147,Phuldhar,"30°50'43""","78°16'18""",TMS,Jointed,0-1m,Dry,yes,yes,yes,Steep,Rock,Slide,Single,high
L148,Phuldhar,"30°50'42""","78°16'19""",TMS,Jointed,0-1m,Dry,yes,yes,yes,steep,Rock,Slide,Single,high
L149,Bhansari,"30°50'19.8""","78°15'50.2""",DHS,Massive,0-1m,Dry,no,yes,yes,Moderate,Debris,Slide,Single,high
L150,Nagangaon,"30°50'39""","78°14'57""",DHS,Sheared,0-1m,Dry,no,yes,yes,Moderate,Rock,Slide,Single,high
L151,Nagangaon,"30°50'40.5""","78°14'58""",MDDHS,Sheared,0-1m,Dry,no,yes,yes,Moderate,Rock,Slide,Multi,high
L152,Nagangaon,"30°50'40.5""","78°14'53""",MDDHS,Jointed,1-2m,Dry,yes,yes,yes,Steep,Rock,Slide,Single,high
L153,Nagangaon,"30°50'49.5""","78°15'08.7""",HDDHS,Massive,1-2m,Dry,yes,no,yes,gentle,Rock,Slide,Single,high
L154,Nagangaon,"30°50'56""","78°15'03""",TMS,Massive,1-2m,Dry,yes,no,yes,Moderate,Debris,Slide,Succe.,high
L155,Than,"30°50'15""","78°15'14""",Terrace,Sheared,1-2m,Dry,yes,yes,yes,gentle,Rock,Slide,Single,high
L156,than,"30°50'22""","78°15'09""",TMS,Sheared,1-2m,Dry,yes,no,yes,Moderate,Rock,Slide,Multi,high
L157,Palargaon,"30°50'23.4""","78°14'51.3""",AFP,Jointed,2-5m,Dry,yes,yes,yes,Moderate,Debris,Slide,Single,high
L158,Palargaon,"30°50'19.4""","78°14'50.2""",TMS,Jointed,2-5m,Dry,no,no,yes,gentle,Debris,Slide,Multi,high
L159,Palargaon,"30°50'14.4""","78°14'51""",TMS,Jointed,2-5m,Dry,no,no,yes,steep,Debris,Slide,Single,high
L160,Palargaon,"30°50'10.9""","78°14'50.1""",TMS,Massive,2-5m,Dry,yes,no,yes,Moderate,Debris,Slide,Single,high
L161,Palargaon,"30°50'08.7""","78°14'52.8""",TMS,Massive,2-5m,Dry,yes,no,yes,Moderate,Debris,Slide,Single,high
L162,Palargaon,"30°50'02.3""","78°14'49.2""",MDDHS,Sheared,2-5m,Dry,yes,no,yes,Moderate,Rock,Topple,Single,high
L163,Palargaon,"30°49'39.7""","78°14'51.3""",DHS,Massive,>5m,Flowing,no,no,yes,steep,Debris,Slide,Single,high
L164,UK,"30°49'49""","78°14'55.7""",HDDHS,Massive,0-1m,Flowing,yes,yes,yes,steep,Rock,Slide,Single,high
L165,UK,"30°50'18.4""","78°15'01.1""",HDDHS,Massive,0-1m,Flowing,yes,yes,yes,steep,Rock,Slide,Single,high
L166,UK,"30°49'32""","78°14'39.3""",TMS,Massive,2-5m,Flowing,yes,no,yes,Moderate,Debris,Slide,Single,high
L167,Masalgaon,"30°51'36""","78°14'27""",TMS,Massive,2-5m,Wet,yes,no,yes,gentle,Debris,Slide,Multi,high
L168,Masalgaon,"30°51'40.2""","78°14'51.5""",CFS,Massive,>5m,Dry,no,yes,yes,gentle,Debris,Slide,Multi,high
L169,Masalgaon,"30°51'33""","78°14'54""",CFS,Massive,>5m,Dry,no,yes,yes,steep,Debris,Slide,Single,high
L170,UK,"30°51'13.5""","78°14'41.5""",MDDHS,Sheared,>5m,Dry,no,yes,yes,steep,Debris,Slide,Single,high
L171,UK,"30°50'50""","78°15'03.5""",HDDHS,Fractured,0-1m,Dry,yes,no,yes,gentle,Rock,Slide,Single,high
L172,Nandgaon,"30°49'04.5""","78°14'44""",CFS,Massive,2-5m,Dry,no,no,yes,Moderate,Debris,Slide,Succe.,high
L173,UK,"30°50'19.8""","78°15'28.9""",TMS,Jointed,>5m,Damp,yes,yes,no,Moderate,Debris,Slide,Multi,high
L174,Kharsali,"30°58'26.7""","78°26'18.9""",TMS,Massive,>5m,Damp,yes,yes,yes,steep,Debris,Slide,Single,high
L175,Kharsali,"30°58'27""","78°26'51""",Terrace,Sheared,>5m,Damp,no,yes,no,Moderate,Debris,Slide,Single,high
L176,R/B_Unatagad,"30°58'09.6""","78°26'58.5""",Terrace,Sheared,>5m,Damp,yes,yes,yes,steep,Debris,Slide,Single,high
L177,Right_bank_of_Unatagad,"30°58'09.4""","78°27'10""",HDDHS,Massive,2-5m,Damp,yes,yes,yes,Moderate,Debris,Slide,Single,moderate
L178,Left _bank _of_Unatagad,"30°58'08.6""","78°26'59""",TMS,Massive,2-5m,Damp,yes,yes,no,Moderate,Debris,Slide,Succe.,moderate
L179,Right_bank_of_Unatagad,"30°58'09.7""","78°26'54.6""",HDDHS,Massive,>5m,Dripping,no,yes,no,gentle,Debris,Slide,Multi,moderate
L180,Left_bank_of_Unatagad,"30°58'07.8""","78°26'53""",TMS,Massive,>5m,Dripping,yes,yes,no,Moderate,Debris,Slide,Multi,moderate
L181,Left_bank_of_Unatagad,"30°58'07.8""","78°26'54""",CFS,Fractured,>5m,Dry,yes,no,yes,gentle,Debris,Slide,Multi,moderate
L182,Left_bank_of_Unatagad,"30°58'06.5""","78°26'50.1""",CFS,Fractured,>5m,Dry,yes,no,yes,Moderate,Debris,Slide,Multi,moderate
L183,Left_bank_of_Unatagad,"30°58'07.2""","78°26'46.9""",CFS,Fractured,>5m,Dry,yes,no,yes,gentle,Rock,Slide,Single,moderate
L184,Left_bank_of_Unatagad,"30°58'08.4""","78°26'39.3""",MDDHS,Fractured,>5m,Dry,yes,yes,yes,steep,Debris,Slide,Single,moderate
L185,Left_bank_of_Unatagad,"30°58'06.8""","78°26'35""",TMS,Jointed,>5m,Dry,no,yes,no,Moderate,Debris,Slide,Single,moderate
L186,Left_bank_of_Unatagad,"30°58'10.3""","78°26'33""",TMS,Jointed,>5m,Dry,yes,no,yes,gentle,Debris,Slide,Multi,moderate
L187,Unatagad,"30°58'08.5""","78°26'33""",TMS,Jointed,>5m,Dry,yes,no,yes,gentle,Debris,Slide,Multi,moderate
L188,Unatagad,"30°58'09.2""","78°26'25.6""",TMS,Jointed,>5m,Dry,yes,no,yes,Moderate,Debris,Slide,Multi,moderate
L189,Unatagad,"30°58'14""","78°26'21.7""",CFS,Massive,>5m,Dry,no,yes,no,steep,Debris,Slide,Single,moderate
L190,Unatagad,"30°58'11.0""","78°26'21.7""",DHS,Massive,>5m,Dry,yes,no,yes,Moderate,Debris,Slide,Single,moderate
L191,Kharsali,"30°58'12""","78°26'12.8""",DHS,Massive,>5m,Dry,yes,no,yes,steep,Debris,Slide,Single,moderate
L192,Kharsali,"30°58'25""","78°26'12.9""",MDDHS,Massive,>5m,Dry,yes,no,yes,gentle,Rock,Slide,Single,moderate
L193,Kharsali,"30°58'23""","78°26'0.5""",TMS,Massive,>5m,Dry,yes,no,yes,gentle,Debris,Slide,Single,moderate
L194,Janakichatti,"30°58'21.0""","78°25'54.9""",TMS,Massive,>5m,Dry,yes,no,yes,steep,Debris,Slide,Single,moderate
L195,Kharsali,"30°58'14""","78°26'05""",TMS,Massive,>5m,Dry,yes,no,yes,Moderate,Debris,Slide,Succe.,moderate
L196,Kharsali,"30°58'15""","78°26'01.5""",CFS,Sheared,>5m,Dry,yes,no,yes,Moderate,Debris,Slide,Multi,moderate
L197,Kharsali,"30°58'13""","78°26'00""",MDDHS,Sheared,>5m,Dry,yes,yes,yes,Moderate,Rock,Slide,Multi,moderate
L198,Kharsali,"30°58'11""","78°25'59.5""",MDDHS,Sheared,>5m,Dry,yes,yes,yes,steep,Debris,Slide,Single,moderate
L199,UK,"30°58'03.5""","78°26'07""",Terrace,Sheared,>5m,Dry,yes,no,yes,gentle,Debris,Slide,Complex,moderate
L200,UK,"30°57'56.2""","78°25'45.5""",Terrace,Sheared,>5m,Dry,yes,no,no,Moderate,Debris,Slide,Multi,moderate
L201,UK,"30°57'51.5""","78°25'50.6""",Terrace,Sheared,>5m,Dry,yes,no,no,Moderate,Debris,Slide,Single,moderate
L202,UK,"30°57'50""","78°25'45.5""",Terrace,Sheared,>5m,Dry,yes,no,no,Moderate,Debris,Slide,Single,moderate
L203,UK,"30°57'51.0""","78°25'55""",Terrace,Sheared,>5m,Dry,yes,no,no,steep,Debris,Slide,Single,moderate
L204,Right_bank_of_Unatagad,"30°57'48""","78°25'42.5""",Terrace,Sheared,>5m,Dry,yes,no,no,steep,Debris,Slide,Single,moderate
L205,UK,"30°57'45.3""","78°25'49.7""",Terrace,Sheared,>5m,Dry,yes,no,no,steep,Debris,Slide,Single,moderate
L206,Phulchatti,"30°57'45""","78°25'40""",TMS,Sheared,>5m,Dry,yes,no,yes,steep,Debris,Slide,Single,moderate
L207,Phulchatti,"30°57'52""","78°25'27""",CFS,Fractured,0-1m,Dry,yes,yes,yes,gentle,Rock,Slide,Single,moderate
L208,Phulchatti,"30°57'42""","78°25'35.5""",MDDHS,Fractured,0-1m,Dry,yes,yes,yes,gentle,Rock,Slide,Single,moderate
L209,Phulchatti,"30°57'36.4""","78°25'35""",MDDHS,Fractured,0-1m,Dry,yes,yes,yes,gentle,Rock,Slide,Single,moderate
L210,Phulchatti,"30°57'33.9""","78°25'31.9""",MDDHS,Fractured,0-1m,Dry,yes,yes,yes,gentle,Rock,Slide,Single,moderate
L211,Phulchatti,"30°57'38""","78°25'32""",MDDHS,Fractured,0-1m,Dry,yes,yes,yes,Moderate,Rock,Slide,Succe.,moderate
L212,UK,"30°57'30""","78°25'18""",HDDHS,Jointed,0-1m,Dry,yes,no,yes,gentle,Rock,Slide,Single,moderate
L213,UK,"30°57'32""","78°25'07""",HDDHS,Jointed,0-1m,Dry,yes,yes,no,Moderate,Rock,Slide,Multi,moderate
L214,UK,"30°57'29.0""","78°25'12.7""",HDDHS,Jointed,0-1m,Dry,yes,no,yes,Steep,Rock,Slide,Single,moderate
L215,Banas,"30°57'25.5""","78°25'04""",HDDHS,Jointed,0-1m,Dry,yes,no,yes,Steep,Rock,Slide,Single,moderate
L216,Banas,"30°57'24.4""","78°25'07.7""",MDDHS,Jointed,0-1m,Dry,yes,no,yes,gentle,Rock,Slide,Single,moderate
L217,Banas,"30°57'33""","78°24'18""",MDDHS,Jointed,0-1m,Dry,yes,no,yes,Steep,Rock,Slide,Single,moderate
L218,Banas,"30°57'20.9""","78°25'03.1""",MDDHS,Jointed,0-1m,Dry,yes,no,yes,Steep,Rock,Slide,Single,moderate
L219,Banas,"30°57'15.6""","78°24'53.6""",MDDHS,Jointed,0-1m,Dry,yes,no,yes,gentle,Rock,Slide,Single,moderate
L220,Banas,"30°58'14""","78°24'22""",MDDHS,Jointed,0-1m,Dry,yes,no,yes,Moderate,Rock,Slide,Succe.,moderate
L221,Banas,"30°57'03""","78°24'46""",MDDHS,Massive,0-1m,Dry,yes,yes,yes,Steep,Rock,Slide,Single,moderate
L222,Banas,"30°56'57""","78°24'58.2""",MDDHS,Massive,0-1m,Dry,yes,no,yes,gentle,Rock,Slide,Single,moderate
L223,Banas,"30°57'0.9""","78°24'47.4""",HDDHS,Sheared,0-1m,Dry,yes,no,yes,Steep,Rock,Slide,Single,moderate
L224,UK,"30°56'58""","78°24'45.9""",CFS,Fractured,0-1m,Dry,no,yes,yes,steep,Debris,Slide,Single,moderate
L225,Right_bank_of_Yamuna,"30°57'59""","78°24'43""",CFS,Fractured,0-1m,Dry,no,no,yes,gentle,Rock,Slide,Single,moderate
L226,UK,"30°56'50.4""","78°24'37.3""",DHS,Fractured,0-1m,Dry,no,no,yes,gentle,Rock,Slide,Single,moderate
L227,UK,"30°56'44.2""","78°24'33.9""",HDDHS,Fractured,0-1m,Dry,yes,no,no,Moderate,Rock,Slide,Multi,moderate
L228,Right_bank_of_Yamuna,"30°56'47""","78°24'29.7""",MDDHS,Fractured,0-1m,Dry,yes,yes,yes,Steep,Rock,Slide,Single,moderate
L229,UK,"30°56'39.9""","78°024'29.6""",HDDHS,Jointed,0-1m,Dry,no,no,no,gentle,Rock,Fall,Single,moderate
L230,UK,"30°56'38.1""","78°24'28""",HDDHS,Jointed,0-1m,Dry,yes,no,yes,Steep,Rock,Slide,Single,moderate
L231,UK,"30°56'41""","78°24'27""",HDDHS,Jointed,0-1m,Dry,yes,yes,yes,Moderate,Rock,Fall,Single,moderate
L232,UK,"30°56'36.1""","78°24'26.2""",HDDHS,Jointed,0-1m,Dry,no,no,no,gentle,Rock,Slide,Single,moderate
L233,UK,"30°56'34.8""","78°24'26""",DHS,Massive,0-1m,Dry,no,yes,yes,gentle,Rock,Slide,Single,moderate
L234,UK,"30°56'32.7""","78°24'24.5""",TMS,Massive,0-1m,Dry,yes,yes,yes,gentle,Rock,Slide,Single,moderate
L235,UK,"30°56'31.1""","78°24'21.3""",HDDHS,Sheared,0-1m,Dry,no,yes,yes,Steep,Rock,Slide,Single,moderate
L236,UK,"30°56'27.4""","78°24'18.8""",MDDHS,Sheared,0-1m,Dry,yes,no,yes,Steep,Rock,Slide,Single,moderate
L237,Right_bank_of_Yamuna,"30°56'30""","78°24'14.0""",TMS,Sheared,0-1m,Dry,yes,yes,yes,gentle,Rock,Slide,Single,moderate
L238,UK,"30°56'22.9""","78°24'18""",MDDHS,Fractured,1-2m,Dry,yes,yes,yes,gentle,Rock,Slide,Single,moderate
L239,R/B_Yamuna,"30°56'24""","78°24'13""",CFS,Fractured,2-5m,Dry,yes,no,yes,steep,Debris,Slide,Single,moderate
L240,UK,"30°56'13.5""","78°24'15.8""",TMS,Fractured,2-5m,Dry,yes,no,yes,Moderate,Debris,Slide,Single,moderate
L241,Durbil,"30°56'02.0""","78°24'10.1""",TMS,Jointed,2-5m,Dry,no,no,no,Moderate,Debris,Slide,Succe.,moderate
L242,Hanumanchatti,"30°56'00""","78°24'06.1""",DHS,Fractured,>5m,Flowing,yes,yes,no,Steep,Rock,Slide,Single,moderate
L243,Hanumanchatti,"30°55'54.2""","78°23'57.9""",DHS,Massive,0-1m,Flowing,yes,no,yes,Moderate,Rock,Slide,Complex,moderate
L244,LB_Hanumanganga,"30°55'47.5""","78°24'13.8""",DHS,Massive,0-1m,Flowing,no,yes,no,Moderate,Rock,Slide,Single,moderate
L245,RB_Hanumanganga,"30°55'49.5""","78°24'03.9""",Terrace,Sheared,1-2m,Flowing,yes,no,yes,gentle,Rock,Slide,Multi,moderate
L246,Nisni,"30°55'50.5""","78°24'13.5""",HDDHS,Massive,0-1m,Wet,yes,no,no,Steep,Rock,Slide,Single,moderate
L247,Nisni,"30°55'50""","78°24'16""",TMS,Jointed,1-2m,Wet,yes,yes,no,gentle,Rock,Slide,Single,moderate
L248,Hanumanchatti,"30°55'48.7""","78°23'55.1""",TMS,Massive,2-5m,Wet,yes,no,yes,Moderate,Debris,Slide,Succe.,moderate
L249,Hanumanchatti,"30°55'45.9""","78°23'50.3""",Terrace,Sheared,>5m,Dry,yes,no,no,Moderate,Debris,Slide,Single,moderate
L250,RB_Yamuna,"30°55'48""","78°23'46.5""",Terrace,Sheared,>5m,Dry,yes,no,no,Moderate,Debris,Slide,Single,moderate
L251,RB_Yamuna,"30°56'46.5""","78°23'44.2""",HDDHS,Jointed,0-1m,Dry,yes,no,no,Moderate,Rock,Slide,Multi,moderate
L252,UK,"30°55'45.5""","78°23'40.7""",HDDHS,Jointed,0-1m,Dry,no,yes,no,Steep,Rock,Slide,Single,moderate
L253,UK,"30°55'42.4""","78°23'40.6""",TMS,Massive,2-5m,Wet,yes,no,no,Moderate,Debris,Slide,Multi,moderate
L254,Bariya,"30°55'41.1""","78°23'36.2""",CFS,Fractured,>5m,Dry,yes,no,yes,gentle,Debris,Slide,Single,moderate
L255,Durbil,"30°55'49""","78°23'26""",CFS,Fractured,>5m,Dry,yes,no,no,Moderate,Debris,Slide,Multi,moderate
L256,Durbil,"30°55'53""","78°23'30""",MDDHS,Fractured,>5m,Dry,yes,no,yes,Moderate,Debris,Slide,Single,moderate
L257,Durbil,"30°55'40.5""","78°23'23.4""",CFS,Massive,>5m,Dry,yes,no,no,gentle,Debris,Slide,Multi,moderate
L258,UK,"30°55'21.5""","78°23'03.7""",CFS,Massive,>5m,Dry,no,yes,yes,steep,Debris,Slide,Single,moderate
L259,Ranachatti,"30°55'20.1""","78°22'59.4""",HDDHS,Massive,>5m,Dry,yes,no,yes,Moderate,Debris,Slide,Single,moderate
L260,Kothar,"30°55'23""","78°22'27.5""",TMS,Massive,>5m,Dry,yes,no,yes,Moderate,Debris,Slide,Single,moderate
L261,UK,"30°53'59.2""","78°13'46.4""",TMS,Massive,>5m,Dry,yes,yes,no,Moderate,Debris,Slide,Multi,moderate
L262,UK,"30°54'25.5""","78°13'46.1""",Terrace,Sheared,>5m,Dry,no,yes,yes,steep,Debris,Slide,Single,moderate
L263,Basrali,"30°54'13""","78°12'47.5""",TMS,Sheared,>5m,Dry,yes,no,no,gentle,Debris,Slide,Multi,moderate
L264,UK,"30°54'24.3""","78°13'45.9""",MDDHS,Fractured,0-1m,Dry,yes,no,no,Moderate,Rock,Slide,Multi,moderate
L265,UK,"30°54'27.8""","78°13'43.9""",MDDHS,Fractured,0-1m,Dry,yes,yes,yes,gentle,Rock,Slide,Single,moderate
L266,UK,"30°54'33""","78°13'36.3""",MDDHS,Fractured,0-1m,Dry,yes,no,yes,gentle,Rock,Slide,Single,moderate
L267,Sarnaul,"30°55'02""","78°13'07.5""",MDDHS,Jointed,0-1m,Dry,no,yes,no,gentle,Rock,Slide,Single,moderate
L268,LB_Badyar_gad,"30°54'49""","78°13'15.5""",MDDHS,Jointed,0-1m,Dry,yes,yes,yes,gentle,Rock,Slide,Single,moderate
L269,UK,"30°54'45.6""","78°13'12.5""",HDDHS,Massive,0-1m,Dry,yes,yes,yes,Steep,Rock,Slide,Single,moderate
L270,UK,"30°54'17.6""","78°13'39.5""",HDDHS,Massive,0-1m,Dry,yes,yes,yes,gentle,Rock,Slide,Single,moderate
L271,LB_Badyar_gad,"30°54'17""","78°13'45.6""",HDDHS,Sheared,0-1m,Dry,yes,yes,yes,gentle,Rock,Slide,Single,moderate
L272,Bachangaon,"30°54'16""","78°14'00""",MDDHS,Sheared,0-1m,Dry,yes,yes,yes,Moderate,Rock,Slide,Multi,moderate
L273,Bachangaon,"30°54'12.8""","78°14'02""",MDDHS,Sheared,0-1m,Dry,no,no,yes,Moderate,Rock,Slide,Single,moderate
L274,RB_Badiyargad,"30°53'59""","78°13'58""",MDDHS,Sheared,0-1m,Dry,yes,yes,no,Moderate,Rock,Slide,Succe.,moderate
L275,UK,"30°54'03.9""","78°13'47""",CFS,Fractured,0-1m,Dry,no,no,yes,Moderate,Rock,Slide,Single,moderate
L276,UK,"30°54'2.6""","78°13'47.8""",DHS,Fractured,0-1m,Dry,yes,yes,yes,Moderate,Rock,Slide,Single,moderate
L277,UK,"30°54'01.1""","78°13'45.5""",HDDHS,Fractured,0-1m,Dry,no,no,yes,gentle,Debris,Slide,Single,moderate
L278,Chaptari,"30°54'55""","78°14'12.0""",MDDHS,Fractured,0-1m,Dry,yes,yes,yes,gentle,Rock,Slide,Multi,moderate
L279,UK,"30°54'40""","78°14'07""",HDDHS,Jointed,0-1m,Dry,no,yes,yes,Moderate,Rock,Slide,Single,moderate
L280,LB_Badyar_gad,"30°54'07""","78°14'75""",MDDHS,Jointed,0-1m,Dry,yes,no,no,gentle,Rock,Slide,Multi,moderate
L281,UK,"30°53'41.6""","78°14'18.2""",HDDHS,Sheared,0-1m,Dry,yes,yes,yes,Steep,Rock,Slide,Single,moderate
L282,UK,"30°53'43.5""","78°14'19.7""",MDDHS,Sheared,0-1m,Dry,yes,yes,yes,Moderate,Rock,Slide,Multi,moderate
L283,UK,"30°53'34.5""","78°14'23.8""",MDDHS,Sheared,0-1m,Dry,yes,no,yes,Moderate,Rock,Slide,Single,moderate
L284,LB_Badyar_gad,"30°53'33.5""","78°14'30.5""",CFS,Fractured,1-2m,Dry,yes,yes,yes,Moderate,Debris,Slide,Single,moderate
L285,Binala,"30°53'27""","78°14'26""",DHS,Sheared,1-2m,Dry,no,yes,no,gentle,Rock,Slide,Complex,moderate
L286,Binala,"30°53'23""","78°14'35""",CFS,Fractured,2-5m,Dry,no,no,yes,steep,Debris,Slide,Single,moderate
L287,UK,"30°47'31""","78°23'50.3""",TMS,Jointed,2-5m,Dry,yes,yes,yes,Moderate,Debris,Slide,Single,moderate
L288,Koti,"30°53'14.2""","78°14'20.0""",TMS,Massive,>5m,Flowing,yes,yes,yes,Moderate,Debris,Slide,Single,moderate
L289,Khand,"30°53'10""","78°14'23""",TMS,Massive,>5m,Flowing,yes,no,no,gentle,Debris,Slide,Multi,moderate
L290,khand,"30°52'57""","78°14'24""",CFS,Fractured,0-1m,Flowing,yes,no,yes,gentle,Rock,Slide,Complex,moderate
L291,Khand,"30°53'13""","78°14'21""",HDDHS,Massive,0-1m,Flowing,yes,yes,yes,Steep,Rock,Slide,Single,moderate
L292,Khand,"30°52'09.1""","78°14'05.2""",HDDHS,Massive,1-2m,Flowing,yes,no,yes,Moderate,Rock,Slide,Multi,moderate
L293,UK,"30°52'12.5""","78°14'02.3""",TMS,Jointed,2-5m,Flowing,yes,no,yes,Moderate,Debris,Slide,Multi,moderate
L294,UK,"30°52'22.3""","78°14'01.3""",TMS,Jointed,>5m,Wet,yes,no,no,Moderate,Debris,Slide,Multi,moderate
L295,UK,"30°51'29.5""","78°14'08.9""",TMS,Massive,>5m,Wet,yes,yes,yes,Moderate,Debris,Slide,Single,moderate
L296,LB_Badyar_gad,"30°51'47""","78°14'31""",TMS,Jointed,0-1m,Wet,yes,no,yes,Steep,Rock,Slide,Single,moderate
L297,UK,"30°51'27.2""","78°14'08.1""",MDDHS,Massive,0-1m,Wet,yes,no,yes,Steep,Rock,Slide,Single,moderate
L298,LB_Badyar_gad,"30°57'13""","78°15'00""",TMS,Massive,2-5m,Wet,yes,no,yes,Moderate,Debris,Slide,Multi,moderate
L299,LB_Badyar_gad,"30°51'18""","78°14'50""",Terrace,Sheared,>5m,Damp,yes,yes,yes,steep,Debris,Slide,Single,moderate
L300,UK,"30°51'24""","78°14'48""",CFS,Fractured,>5m,Dry,yes,no,yes,gentle,Debris,Slide,Single,moderate
L301,Masalgaon,"30°51'32""","78°14'48""",MDDHS,Fractured,>5m,Dry,no,yes,no,steep,Debris,Slide,Single,moderate
L302,Doubatta,"30°48'32.2""","78°13'14.6""",TMS,Jointed,>5m,Dry,no,yes,yes,gentle,Debris,Slide,Multi,moderate
L303,Doubatta,"30°48'24.1""","78°13'19.6""",TMS,Jointed,>5m,Dry,yes,no,no,gentle,Debris,Slide,Multi,moderate
L304,Doubatta,"30°48'22.3""","78°13'21.8""",DHS,Massive,>5m,Dry,no,yes,yes,gentle,Debris,Slide,Single,moderate
L305,Khansi,"30°49'37.4""","78°10'43.7""",HDDHS,Massive,>5m,Dry,yes,no,yes,Moderate,Debris,Slide,Single,moderate
L306,Khansi,"30°49'58""","78°10'21""",HDDHS,Massive,>5m,Dry,no,yes,yes,Moderate,Debris,Slide,Single,moderate
L307,UK,"30°48'53.9""","78°10'51.5""",TMS,Massive,>5m,Dry,yes,yes,yes,gentle,Debris,Slide,Multi,moderate
L308,Paunti,"30°49'3.9""","78°11'48.2""",RBM,Sheared,>5m,Dry,yes,no,yes,Moderate,Rock,Slide,Single,moderate
L309,Barkot,"30°48'47""","78°12'27""",Terrace,Sheared,>5m,Dry,yes,no,yes,Moderate,Debris,Slide,Single,moderate
L310,Barkot,"30°48'54""","78°12'13.5""",Terrace,Sheared,>5m,Dry,yes,no,no,Moderate,Debris,Slide,Single,moderate
L311,Barkot,"30°48'52""","78°12'33""",Terrace,Sheared,>5m,Dry,no,yes,yes,Moderate,Debris,Slide,Single,moderate
L312,Barkot,"30°48'52.5""","78°12'37""",CFS,Fractured,0-1m,Dry,yes,yes,yes,Steep,Rock,Slide,Single,moderate
L313,Sunaldi,"30°49'09.3""","78°12'37""",MDDHS,Fractured,0-1m,Dry,yes,yes,yes,gentle,Rock,Slide,Single,moderate
L314,UK,"30°49'18.8""","78°12'30.1""",MDDHS,Fractured,0-1m,Dry,yes,yes,yes,Moderate,Rock,Slide,Single,moderate
L315,Sunaldi,"30°49'21""","78°12'23""",MDDHS,Fractured,0-1m,Dry,yes,yes,yes,Moderate,Rock,Slide,Single,moderate
L316,Dandagaon,"30°49'46.5""","78°13'27""",CFS,Jointed,0-1m,Dry,yes,yes,no,gentle,Rock,Slide,Single,moderate
L317,Dakhiyatgaon,"30°50'04""","78°13'12""",HDDHS,Jointed,0-1m,Dry,yes,no,no,Moderate,Rock,Slide,Multi,moderate
L318,Dandagaon,"30°49'58.6""","78°13'07.3""",HDDHS,Massive,0-1m,Dry,yes,yes,yes,Steep,Rock,Slide,Single,moderate
L319,Kawalgaon,"30°50'32.5""","78°13'25.5""",TMS,Massive,0-1m,Dry,yes,yes,yes,gentle,Rock,Slide,Single,moderate
L320,Kawalgaon,"30°50'47""","78°13'17""",TMS,Massive,0-1m,Dry,yes,yes,yes,Moderate,Rock,Slide,Single,moderate
L321,Kawalgaon,"30°50'36""","78°12'47""",MDDHS,Sheared,0-1m,Dry,yes,yes,yes,gentle,Rock,Slide,Single,moderate
L322,Kawalgaon,"30°50'51.5""","78°12'44.8""",MDDHS,Sheared,0-1m,Dry,no,no,yes,Moderate,Rock,Slide,Single,moderate
L323,Irak,"30°50'37.5""","78°12'33""",CFS,Fractured,0-1m,Dry,no,no,yes,Moderate,Rock,Slide,Single,moderate
L324,LB_Banal_gad,"30°50'51""","78°12'37""",DHS,Fractured,0-1m,Dry,no,no,no,gentle,Rock,Slide,Single,moderate
L325,LB_Banal_gad,"30°50'49.7""","78°12'39""",MDDHS,Fractured,0-1m,Dry,yes,no,yes,gentle,Rock,Slide,Single,moderate
L326,LB_Banal_gad,"30°51'17""","78°11'58.5""",TMS,Fractured,0-1m,Dry,yes,yes,yes,gentle,Rock,Slide,Single,moderate
L327,RB_Banal_gad,"30°51'15""","78°11'54""",HDDHS,Jointed,0-1m,Dry,yes,yes,yes,gentle,Rock,Slide,Single,moderate
L328,LB_Banal_gad,"30°51'19""","78011'57.8""",HDDHS,Jointed,0-1m,Dry,yes,no,yes,Moderate,Rock,Slide,Single,moderate
L329,Gudoli,"30°51'11.4""","78°11'54.3""",MDDHS,Jointed,0-1m,Dry,yes,yes,yes,Moderate,Rock,Topple,Multi,moderate
L330,LB_Kurgud,"30°51'58""","78°011'55""",DHS,Massive,0-1m,Dry,no,yes,yes,Moderate,Debris,Slide,Single,moderate
L331,Kurpul,"30°52'10""","78°11'14.0""",DHS,Massive,0-1m,Dry,no,yes,yes,Moderate,Rock,Slide,Single,moderate
L332,Kur,"30°52'09""","78°11'17""",MDDHS,Fractured,2-5m,Dry,yes,no,yes,steep,Debris,Slide,Single,moderate
L333,Kur,"30°52'05""","78°11'14.4""",HDDHS,Massive,0-1m,Flowing,yes,no,yes,gentle,Rock,Slide,Single,moderate
L334,Jhumraru?Golari,"30°51'42""","78°12'11""",HDDHS,Massive,0-1m,Flowing,yes,no,yes,gentle,Rock,Slide,Single,moderate
L335,Jhumraru?Golari,"30°51'41""","78°12'10""",HDDHS,Massive,0-1m,Flowing,no,yes,yes,Moderate,Rock,Slide,Single,moderate
L336,Golari,"30°51'45.2""","78°12'15.3""",TMS,Jointed,>5m,Wet,yes,yes,no,steep,Debris,Slide,Single,moderate
L337,Chhatari,"30°51'28""","78°12'31""",MDDHS,Fractured,0-1m,Wet,yes,yes,yes,Steep,Rock,Slide,Single,moderate
L338,Thanki?Bisath,"30°51'52""","78°12'52""",HDDHS,Massive,0-1m,Wet,yes,no,no,gentle,Rock,Slide,Single,moderate
L339,Bisathgaon,"30°51'40.5""","78°12'59""",Terrace,Sheared,>5m,Dry,yes,no,no,gentle,Debris,Slide,Single,moderate
L340,Bisathgaon,"30°51'39.1""","78°12'49.8""",CFS,Fractured,0-1m,Dry,yes,yes,yes,gentle,Rock,Slide,Single,moderate
L341,Naugaon,"30°47'25""","78°08'1.5""",CFS,Fractured,0-1m,Dry,yes,no,no,Moderate,Rock,Slide,Single,moderate
L342,RB_Asiganga,"30°47'42""","78°26'30.1""",MDDHS,Fractured,0-1m,Dry,yes,yes,yes,Moderate,Rock,Slide,Multi,moderate
L343,LB_Kanalgad,"30°47'29.4""","78°07'13.8""",MDDHS,Fractured,0-1m,Dry,yes,yes,yes,gentle,Rock,Slide,Single,moderate
L344,Syalragarh,"30°48'20.6""","78°06'34.5""",MDDHS,Fractured,0-1m,Dry,yes,yes,yes,Moderate,Rock,Slide,Single,moderate
L345,Talra,"30°48'51""","78°06'27""",MDDHS,Fractured,0-1m,Dry,yes,yes,yes,Moderate,Rock,Slide,Single,moderate
L346,UK,"30°49'14.2""","78°06'35.2""",MDDHS,Fractured,0-1m,Dry,yes,yes,yes,Moderate,Rock,Slide,Single,moderate
L347,Nailara,"30°50'5.3""","78°08'2.5""",HDDHS,Jointed,0-1m,Dry,yes,yes,yes,gentle,Rock,Slide,Single,moderate
L348,UK,"30°50'18.7""","78°07'58""",MDDHS,Jointed,0-1m,Dry,yes,yes,yes,Moderate,Rock,Slide,Multi,moderate
L349,UK,"30°50'1.5""","78°06'51.5""",HDDHS,Massive,0-1m,Dry,yes,yes,yes,Moderate,Rock,Slide,Single,moderate
L350,Mora,"30°59'44.3""","78°00'6""",HDDHS,Massive,0-1m,Dry,yes,yes,yes,gentle,Rock,Slide,Single,moderate
L351,Mora,"30°59'39""","78°0'35""",HDDHS,Massive,0-1m,Dry,yes,yes,yes,gentle,Rock,Slide,Single,moderate
L352,Baun,"30°46'44""","78°21'13""",TMS,Massive,0-1m,Dry,yes,yes,no,Moderate,Rock,Slide,Single,moderate
L353,Baun,"30°45'32""","78°21'58.5""",MDDHS,Fractured,0-1m,Dry,yes,yes,no,Moderate,Rock,Slide,Multi,moderate
L354,Baun,"30°45'46""","78°21'44""",HDDHS,Jointed,0-1m,Dry,no,yes,no,Moderate,Rock,Slide,Single,moderate
L355,Baun?Jugaldi,"30°45'58""","78°21'40""",TMS,Massive,2-5m,Flowing,yes,yes,no,gentle,Debris,Slide,Single,moderate
L356,Baun?Panjala,"30°46'59""","78°21'13""",HDDHS,Fractured,>5m,Wet,yes,yes,no,Moderate,Debris,Slide,Multi,moderate
L357,Bhadrasu,"30°59'29.7""","78°03'54.9""",MDDHS,Fractured,>5m,Dry,yes,yes,yes,Moderate,Rock,Slide,Multi,moderate
L358,Bhadrasu,"30°59'17.7""","78°03'58.5""",RBM,Sheared,>5m,Dry,yes,yes,no,Moderate,Debris,Slide,Single,moderate
L359,Bhadrasu,"30°59'46.2""","78°03'47""",Terrace,Sheared,>5m,Dry,yes,no,no,Moderate,Debris,Slide,Single,moderate
L360,Bhakoli,"30°50'35.5""","78°27'01""",HDDHS,Massive,0-1m,Dry,yes,yes,no,Moderate,Rock,Slide,Single,moderate
L361,Bhakoli,"30°50'41""","78°26'35""",MDDHS,Sheared,0-1m,Dry,yes,yes,no,Moderate,Rock,Slide,Single,moderate
L362,Bhatia,"30°47'14.8""","78°09'46.6""",HDDHS,Jointed,0-1m,Dry,no,no,no,gentle,Rock,Slide,Single,moderate
L363,Bhatia,"30°47'15""","78°10'09.4""",HDDHS,Jointed,0-1m,Dry,no,no,yes,Moderate,Rock,Slide,Multi,moderate
L364,Bhatia,"30°47'15""","78°09'49.5""",TMS,Jointed,>5m,Wet,yes,no,no,gentle,Debris,Slide,Multi,moderate
L365,Binala,"30°53'19""","78°23'50.3""",HDDHS,Massive,0-1m,Wet,yes,yes,no,gentle,Rock,Slide,Single,moderate
L366,Dhandanala,"30°51'08""","78°28'18""",TMS,Massive,>5m,Dry,yes,no,yes,Moderate,Debris,Slide,Single,moderate
L367,Dhiunra,"30°55'07""","78°05'9.6""",DHS,Sheared,0-1m,Dry,no,yes,yes,Moderate,Rock,Slide,Multi,moderate
L368,Gajoli?Bhakoli,"30°50'23""","78°26'59""",TMS,Jointed,>5m,Dry,yes,no,yes,Moderate,Debris,Slide,Multi,moderate
L369,Ganeshpur,"30°45'17""","78°28'44""",AF,Sheared,>5m,Dry,yes,yes,yes,Moderate,Debris,Slide,Single,moderate
L370,Ganeshpur,"30°46'49""","78°29'23""",Terrace,Sheared,>5m,Dry,yes,yes,yes,gentle,Debris,Slide,Multi,moderate
L371,Ganeshpur,"30°45'11.5""","78°28'30.6""",HDDHS,Fractured,0-1m,Dry,yes,yes,yes,gentle,Rock,Slide,Single,moderate
L372,Ganeshpur,"30°45'51""","78°28'36""",TMS,Fractured,0-1m,Dry,yes,yes,yes,gentle,Rock,Slide,Single,moderate
L373,Ganeshpur,"30°45'59.5""","78°28'33.5""",TMS,Jointed,2-5m,Dry,yes,yes,yes,Moderate,Debris,Fall,Multi,moderate
L374,Gangori,"30°45'17""","78°28'01.4""",TMS,Massive,>5m,Wet,yes,no,yes,Moderate,Debris,Fall,Single,moderate
L375,Gangori,"30°45'07.5""","78°25'58.3""",HDDHS,Massive,>5m,Damp,yes,yes,yes,Moderate,Debris,Fall,Multi,low
L376,Gangori,"30°45'39.8""","78°27'23.2""",MDDHS,Fractured,>5m,Dry,yes,no,yes,Moderate,Debris,Fall,Multi,low
L377,Giuneti,"30°50'41.4""","78°26'01.0""",CFS,Sheared,>5m,Dry,yes,no,yes,gentle,Debris,Fall,Multi,low
L378,Giuneti,"30°45'31.9""","78°16'38.7""",RBM,Sheared,>5m,Dry,yes,no,yes,gentle,Debris,Fall,Single,low
L379,Giuneti,"30°45'05.1""","78°16'20.3""",Terrace,Sheared,>5m,Dry,yes,no,yes,gentle,Debris,Fall,Succe.,low
L380,Giuneti,"30°45'33.1""","78°16'35""",TMS,Sheared,>5m,Dry,yes,no,yes,gentle,Debris,Fall,Multi,low
L381,Giuneti,"30°45'29.4""","78°16'39.4""",CFS,Massive,0-1m,Dry,yes,yes,yes,Moderate,Rock,Slide,Single,low
L382,Gyanju,"30°45'42.5""","78°25'11""",HDDHS,Massive,0-1m,Dry,yes,no,yes,Moderate,Rock,Slide,Multi,low
L383,Gyanju,"30°45'36""","78°25'14""",HDDHS,Massive,0-1m,Dry,yes,no,yes,gentle,Rock,Slide,Single,low
L384,Jarra,"30°45'14.6""3","78°06'13""",HDDHS,Fractured,0-1m,Dry,no,no,yes,gentle,Rock,Fall,Multi,low
L385,Jugaldi,"30°45'32""","78°22'41.5""",HDDHS,Jointed,0-1m,Dry,no,yes,yes,Moderate,Rock,Slide,Multi,low
L386,Jugaldi,"30°45'34""","78°22'30""",HDDHS,Sheared,0-1m,Dry,no,yes,yes,Moderate,Rock,Fall,Single,low
L387,Jugaldi,"30°45'50""","78°22'22""",DHS,Fractured,0-1m,Dry,no,no,yes,Moderate,Rock,Slide,Single,low
L388,Jugaldi,"30°45'54""","78°21'59.5""",HDDHS,Fractured,0-1m,Dry,no,no,yes,gentle,Debris,Fall,Single,low
L389,Jugaldi,"30°46'13.5""","78°21'59.2""",DHS,Massive,2-5m,Dry,yes,no,no,Moderate,Debris,Fall,Single,low
L390,Jugaldi?Geunla,"30°45'36""","78°21'57.2""",MDDHS,Sheared,1-2m,Dry,yes,yes,yes,steep,Rock,Fall,Single,low
L391,Kanseru,"30°47'32.7""","78°11'26.4""",HDDHS,Massive,0-1m,Dry,no,no,yes,Moderate,Rock,Slide,Single,low
L392,Kharara,"30°52'26.9""","78°03'33.1""",HDDHS,Massive,0-1m,Dry,no,no,yes,Moderate,Rock,Slide,Single,low
L393,Kharara,"30°52'17.9""","78°03'49.3""",MDDHS,Fractured,1-2m,Dry,yes,no,yes,gentle,Rock,Slide,Multi,low
L394,Khoruwan,"30°46'01""","78°23'25""",DHS,Massive,0-1m,Dry,no,yes,yes,Moderate,Rock,Topple,Single,low
L395,Kumola,"30°51'51""","78°06'36.2""",DHS,Sheared,0-1m,Dry,no,yes,yes,steep,Rock,Fall,Single,low
L396,Kumola,"30°52'03""30","78°06'55""78°",DHS,Sheared,0-1m,Dry,no,yes,yes,steep,Rock,Fall,Single,low
L397,LB_Asiganga,"30°46'40""","78°27'08""",TMS,Jointed,>5m,Dry,yes,no,yes,Moderate,Debris,Slide,Multi,low
L398,LB_Asiganga,"30°49'25""30","78°26'57""78°",CFS,Massive,>5m,Dry,no,yes,yes,Moderate,Debris,Slide,Single,low
L399,LB_Asiganga,"30°46'25""","78°27'11""",HDDHS,Massive,>5m,Dry,no,yes,yes,Moderate,Debris,Slide,Single,low
L400,LB_Asiganga,"30°46'48.5""","78°27'05.5""",RBM,Sheared,>5m,Dry,yes,no,yes,gentle,Debris,Slide,Multi,low
L401,LB_Kaligad,"30°50'27""","78°27'21""",Terrace,Sheared,>5m,Dry,yes,no,yes,Moderate,Debris,Slide,Single,low
L402,LB_Kaligad,"30°50'14""","78°27'12""",HDDHS,Fractured,0-1m,Dry,yes,no,yes,steep,Rock,Fall,Single,low
L403,LB_Kamal_nadi,"30°47'36.1""","78°07'09.6""",DHS,Fractured,0-1m,Dry,no,no,yes,steep,Rock,Fall,Single,low
L404,LB_Yamuna,"30°46'6""","78°06'16""",DHS,Fractured,0-1m,Dry,no,no,yes,steep,Rock,Fall,Single,low
L405,Mahanamola,"30°45'37""","78°26'10.8""",MDDHS,Jointed,0-1m,Dry,no,yes,yes,Moderate,Rock,Slide,Multi,low
L406,Murari,"30°47'42""","78°08'53""",DHS,Sheared,0-1m,Dry,no,yes,yes,Moderate,Debris,Slide,Single,low
L407,Musadevri,"30°47'42.6""","78°07'13.2""",DHS,Sheared,0-1m,Dry,no,yes,yes,steep,Rock,Fall,Single,low
L408,Musadevri,"30°47'42.6""","78°07'13.2""",DHS,Sheared,0-1m,Dry,no,yes,yes,steep,Rock,Fall,Single,low
L409,Musadevri,"30°47'48""","78°06'57""",DHS,Sheared,0-1m,Dry,no,yes,yes,steep,Rock,Fall,Single,low
L410,N_Panjala,"30°47'03""","78°21'49.5""",DHS,Sheared,0-1m,Dry,no,yes,yes,steep,Rock,Slide,Single,low
L411,Nalr,"30°46'10""","78°27'55""",DHS,Sheared,0-1m,Dry,no,yes,yes,steep,Rock,Slide,Single,low
L412,Nalr,"30°46'53""","78°28'25""",MDDHS,Jointed,1-2m,Dry,no,yes,yes,steep,Rock,Slide,Single,low
L413,Nalr,"30°46'55""","78°28'11.5""",DHS,Massive,1-2m,Dry,no,yes,yes,Moderate,Rock,Slide,Single,low
L414,Nalr,"30°46'50""","78°28'29""",TMS,Massive,2-5m,Dry,no,yes,yes,gentle,Rock,Topple,Single,low
L415,Naugaon,"30°47'24""","78°07'34""",TMS,Jointed,>5m,Flowing,no,no,yes,Moderate,Debris,Slide,Single,low
L416,Naugaon,"30°51'00""","78°26'03""",MDDHS,Sheared,0-1m,Flowing,yes,no,yes,gentle,Rock,Topple,Single,low
L417,Naugaon,"30°51'03""","78°25'48""",DHS,Fractured,0-1m,Flowing,yes,no,yes,gentle,Rock,Slide,Single,low
L418,Naugaon,"30°51'22""","78°26'18""",DHS,Fractured,0-1m,Flowing,yes,no,yes,steep,Rock,Slide,Single,low
L419,Naugaon,"30°51'18.5""","78°26'30""",HDDHS,Massive,0-1m,Flowing,no,yes,yes,Moderate,Debris,Slide,Single,low
L420,NW_of__Singot,"30°47'07.5""","78°18'27""",HDDHS,Sheared,0-1m,Flowing,yes,no,yes,steep,Rock,Slide,Single,low
L421,Panb,"30°45'21""","78°20'05""",Terrace,Massive,1-2m,Wet,yes,no,yes,Moderate,Rock,Slide,Single,low
L422,Panb,"30°45'21""","78°20'02.5""",TMS,Jointed,>5m,Damp,yes,yes,yes,gentle,Debris,Slide,Multi,low
L423,Panjala,"30°46'38""","78°22'05""",MDDHS,Massive,>5m,Dry,no,yes,yes,gentle,Debris,Slide,Multi,low
L424,Panjala,"30°46'52.1""","78°21'54.5""",TMS,Massive,>5m,Dry,yes,no,yes,Moderate,Debris,Slide,Multi,low
L425,Panjala,"30°46'43""","78°21'58""",TMS,Massive,>5m,Dry,yes,yes,yes,Moderate,Debris,Slide,Single,low
L426,Panjala,"30°46'35""","78°22'29.5""",CFS,Sheared,>5m,Dry,yes,no,yes,Moderate,Debris,Slide,Multi,low
L427,Panjala,"30°46'21.8""","78°22'5.8""",Terrace,Sheared,>5m,Dry,yes,no,yes,Moderate,Debris,Slide,Single,low
L428,Panjala,"30°46'47.5""","78°21'48.5""",Terrace,Sheared,>5m,Dry,yes,no,yes,Moderate,Debris,Slide,Single,low
L429,Purola,"30°53'1.1""","78°05'14.5""",DMD,Sheared,0-1m,Dry,no,yes,yes,steep,Rock,Slide,Single,low
L430,RB_Asiganga,"30°47'31.5""","78°26'43""",MDDHS,Sheared,0-1m,Dry,no,no,yes,Moderate,Rock,Slide,Multi,low
L431,RB_Asiganga,"30°48'32.6""","78°26'55""",MDDHS,Sheared,0-1m,Dry,no,no,yes,steep,Rock,Slide,Single,low
L432,RB_Asiganga,"30°47'52.7""3","78°26'46.5""7",MDDHS,Sheared,0-1m,Dry,no,yes,yes,steep,Rock,Slide,Single,low
L433,RB_Asiganga,"30°49'02.8""","378°26'54""",DHS,Fractured,0-1m,Dry,no,no,yes,steep,Rock,Slide,Single,low
L434,RB_Kamal_nadi,"30°47'33""","78°07'07""",DHS,Jointed,0-1m,Dry,no,no,yes,steep,Rock,Slide,Single,low
L435,RB_Kamalnadi,"30°49'37""","78°06'26""",DHS,Jointed,0-1m,Dry,no,no,yes,steep,Rock,Slide,Single,low
L436,RBAsiganga,"30°48'03""","78°26'49""",DHS,Jointed,0-1m,Dry,no,no,yes,steep,Rock,Slide,Single,low
L437,Salra,"30°45'44.5""","78°23'58""",DHS,Jointed,0-1m,Dry,no,no,yes,steep,Rock,Slide,Single,low
L438,Salra,"30°45'56""","78°23'57""",DHS,Jointed,0-1m,Dry,no,no,yes,gentle,Rock,Slide,Single,low
L439,Salra,"30°45'58""","78°23'50""",DHS,Jointed,0-1m,Dry,no,no,yes,gentle,Rock,Slide,Single,low
L440,Salra,"30°45'24""","78°23'58""",HDDHS,Jointed,0-1m,Dry,no,yes,yes,gentle,Rock,Slide,Single,low
L441,Salra,"30°45'45""","78°24'8.5""",DHS,Massive,0-1m,Dry,no,yes,yes,steep,Rock,Slide,Single,low
L442,Sangamchatti,"30°50'19""","78°27'05""",HDDHS,Massive,0-1m,Dry,no,yes,yes,gentle,Rock,Fall,Multi,low
L443,Sangamchatti,"30°49'49""","78°27'02""",MDDHS,Massive,0-1m,Dry,no,yes,yes,steep,Rock,Slide,Single,low
L444,Sangamchatti,"30°49'58""","78°27'01.5""",MDDHS,Massive,0-1m,Dry,no,yes,yes,steep,Rock,Slide,Single,low
L445,Sangamchatti,"30°49'53.3""","78°26'58.2""",DHS,Sheared,0-1m,Dry,no,yes,yes,steep,Rock,Slide,Single,low
L446,Sangamchatti,"30°49'39.7""","78°26'52.4""",HDDHS,Sheared,0-1m,Dry,no,yes,yes,Moderate,Rock,Slide,Single,low
L447,Sangamchatti,"30°49'56.4""","78°26'59.5""",MDDHS,Massive,1-2m,Dry,yes,yes,yes,Moderate,Debris,Slide,Single,low
L448,Sangamchatti,"30°49'51""","78°26'58.2""",MDDHS,Sheared,2-5m,Dry,no,yes,yes,gentle,Rock,Slide,Single,low
L449,Sangamchatti,"30°50'06""","78°27'06""",TMS,Jointed,2-5m,Dry,no,no,yes,gentle,Debris,Slide,Multi,low
L450,Saundari,"30°50'24""","78°04'54""",TMS,Jointed,0-1m,Wet,yes,no,yes,steep,Rock,Slide,Single,low
L451,SH-17,"30°57'29.1""","78°05'16.3""",HDDHS,Jointed,2-5m,Damp,yes,yes,no,Moderate,Debris,Slide,Single,low
L452,Simari,"30°45'58""","78°27'12.5""",HDDHS,Massive,2-5m,Damp,no,yes,yes,Moderate,Debris,Slide,Single,low
L453,Simari,"30°46'10.8""","78°27'03.2""",CFS,Jointed,>5m,Dry,no,yes,yes,Moderate,Debris,Slide,Single,low
L454,Simari,"30°45'53""30","78°27'15""",TMS,Jointed,>5m,Dry,yes,no,yes,Moderate,Debris,Slide,Single,low
L455,Simari,"30°46'11.5""","78°27'12""",TMS,Jointed,>5m,Dry,yes,no,yes,Moderate,Debris,Slide,Single,low
L456,Simari,"30°46'02.2""","78°27'19.8""",TMS,Jointed,>5m,Dry,no,yes,no,gentle,Debris,Slide,Multi,low
L457,Singot,"30°45'32""","78°18'42.5""",TMS,Jointed,>5m,Dry,no,yes,yes,Moderate,Debris,Slide,Single,low
L458,Singot,"30°45'58.5""","78°18'57""",CFS,Massive,>5m,Dry,no,yes,yes,Moderate,Debris,Slide,Single,low
L459,Thadunga,"30°49'40""","78°05'56""",HDDHS,Massive,>5m,Dry,yes,no,no,gentle,Rock,Slide,Single,low
L460,UK,"30°46'18""","78°25'57""",MDDHS,Massive,>5m,Dry,yes,yes,yes,Moderate,Debris,Slide,Single,low
L461,UK,"30°45'47""","78°05'46""",TMS,Massive,>5m,Dry,yes,yes,yes,Moderate,Debris,Slide,Single,low
L462,UK,"30°58'30.7""","78°04'13.5""",MDDHS,Sheared,>5m,Dry,yes,no,yes,Moderate,Debris,Slide,Complex,low
L463,UK,"30°49'56.8""","78°06'08""",Terrace,Sheared,>5m,Dry,yes,no,no,Moderate,Debris,Slide,Single,low
L464,UK,"30°59'50.3""","78°03'44.7""",Terrace,Sheared,>5m,Dry,yes,no,yes,Moderate,Debris,Slide,Single,low
L465,UK,"30°53'21""","78°19'22""",TMS,Sheared,>5m,Dry,yes,no,yes,Moderate,Debris,Slide,Single,low
L466,UK,"30°45'08""","78°27'37""",MDDHS,Fractured,0-1m,Dry,no,yes,yes,gentle,Rock,Slide,Single,low
L467,UK,"30°47'32""","78°26'35""",MDDHS,Fractured,0-1m,Dry,no,yes,yes,gentle,Rock,Slide,Single,low
L468,UK,"30°47'50""","78°25'15""",MDDHS,Jointed,0-1m,Dry,no,yes,yes,gentle,Rock,Slide,Single,low
L469,UK,"30°46'50.1""","78°27'13.6""",MDDHS,Jointed,0-1m,Dry,no,yes,yes,gentle,Rock,Slide,Single,low
L470,UK,"30°50'51""","78°26'0.7""",MDDHS,Jointed,0-1m,Dry,no,yes,yes,gentle,Rock,Slide,Single,low
L471,UK,"30°45'24""","78°26'35""",HDDHS,Massive,0-1m,Dry,no,no,yes,gentle,Rock,Topple,Single,low
L472,UK,"30°50'40""","78°26'42""",HDDHS,Massive,0-1m,Dry,no,no,yes,gentle,Rock,Slide,Single,low
L473,UK,"30°50'41""","78°26'22""",MDDHS,Massive,0-1m,Dry,no,no,yes,Moderate,Rock,Slide,Single,low
L474,UK,"30°45'45""","78°06'46""",MDDHS,Massive,0-1m,Dry,no,no,yes,gentle,Rock,Slide,Single,low
L475,UK,"30°50'43.5""","78°26'11.4""",HDDHS,Sheared,0-1m,Dry,no,yes,yes,gentle,Rock,Slide,Single,low
L476,UK,"30°51'42""","78°14'21""",MDDHS,Sheared,0-1m,Dry,no,no,yes,Moderate,Rock,Slide,Single,low
L477,UK,"30°59'49.2""","78°1'20.7""",MDDHS,Sheared,0-1m,Dry,no,no,yes,Moderate,Rock,Slide,Single,low
L478,UK,"30°47'48.0""3","78°11'05.9""",MDDHS,Sheared,0-1m,Dry,no,no,yes,gentle,Rock,Topple,Single,low
L479,UK,"30°45'04.3""","78°19'58.7""",CFS,Fractured,0-1m,Dry,no,no,yes,gentle,Rock,Slide,Single,low
L480,UK,"30°56'59.1""","78°06'01.6""",DHS,Fractured,0-1m,Dry,no,no,yes,gentle,Rock,Slide,Single,high
L481,UK,"30°50'49""","78°05'27.7""",HDDHS,Fractured,0-1m,Dry,no,no,yes,Moderate,Rock,Slide,Single,high
L482,UK,"30°52'20""","78°03'49.8""",DHS,Jointed,0-1m,Dry,no,no,yes,Moderate,Rock,Slide,Single,high
L483,UK,"30°47'53.2""","78°10'45.5""",HDDHS,Jointed,0-1m,Dry,no,no,yes,gentle,Rock,Slide,Single,high
L484,UK,"30°47'53.8""","78°10'44.5""",MDDHS,Jointed,0-1m,Dry,no,yes,no,Moderate,Rock,Slide,Multi,high
L485,UK,"30°51'54.5""","78°03'54.1""",DHS,Massive,0-1m,Dry,no,yes,yes,gentle,Rock,Slide,Single,high
L486,UK,"30°45'24""","78°05'59.5""",HDDHS,Massive,0-1m,Dry,no,yes,yes,Moderate,Rock,Slide,Single,high
L487,UK,30°51'49,"""78°03'44""",HDDHS,Massive,0-1m,Dry,no,yes,yes,gentle,Rock,Slide,Single,high
L488,UK,"30°47'51.8""","78°10'48.4""",DHS,Sheared,0-1m,Dry,no,yes,yes,gentle,Rock,Slide,Single,high
L489,UK,"30°50'44.5""","78°05'5""",DHS,Sheared,0-1m,Dry,no,yes,yes,gentle,Rock,Slide,Single,high
L490,UK,"30°51'35""","78°04'9.1""",DHS,Sheared,0-1m,Dry,no,yes,no,gentle,Rock,Slide,Single,high
L491,UK,"30°52'4.6""","78°03'50.8""",MDDHS,Sheared,0-1m,Dry,no,yes,no,gentle,Rock,Slide,Single,high
L492,UK,"30°47'39.3""","78°14'19.5""",HDDHS,Massive,1-2m,Dry,no,yes,yes,Moderate,Debris,Slide,Single,high
L493,UK,"30°49'32.9""","78°26'50.6""",DHS,Fractured,1-2m,Dry,no,yes,yes,Moderate,Debris,Slide,Single,high
L494,UK,"30°48'46.6""","78°26'53.7""",DHS,Jointed,1-2m,Dry,no,yes,yes,Moderate,Rock,Slide,Single,high
L495,UK,"30°45'10""","78°26'05""",HDDHS,Jointed,1-2m,Dry,no,yes,no,Moderate,Rock,Slide,Single,high
L496,UK,"30°46'3.6""","78°06'6.6""",MDDHS,Sheared,1-2m,Dry,no,yes,yes,Moderate,Rock,Slide,Single,high
L497,UK,"30°46'36.2""","78°06'36.4""",MDDHS,Jointed,2-5m,Dry,no,yes,yes,gentle,Debris,Slide,Multi,high
L498,UK,"30°45'51.6""","78°05'39.2""",Terrace,Jointed,2-5m,Dry,no,yes,yes,gentle,Debris,Slide,Multi,high
L499,UK,"30°46'8.8""","78°06'11.4""",Terrace,Jointed,2-5m,Dry,no,no,yes,Moderate,Rock,Slide,Single,high
L500,UK,"30°46'0.8""","78°06'4.4""",HDDHS,Massive,2-5m,Dry,yes,no,yes,Moderate,Debris,Slide,Single,high
L501,UK,"30°46'22""","78°17'56""",Terrace,Sheared,>5m,Flowing,yes,yes,no,Moderate,Debris,Slide,Complex,low
L502,UK,"30°46'17""","78°18'06""",Terrace,Sheared,>5m,Flowing,yes,no,yes,Moderate,Debris,Slide,Composite,low
L503,UK,"30°50'1.5""","78°05'59.8""",DHS,Fractured,0-1m,Flowing,yes,yes,yes,gentle,Rock,Slide,Single,low
L504,UK,"30°45'55.1""","78°05'41.4""",HDDHS,Massive,2-5m,Flowing,yes,no,yes,Moderate,Debris,Slide,Single,moderate
L505,UK,"30°45'33""","78°26'25""",HDDHS,Fractured,0-1m,Wet,yes,no,no,gentle,Rock,Slide,Single,moderate
L506,UK,"30°54'18.5""","78°06'4""",DHS,Jointed,0-1m,Dry,no,no,no,Moderate,Rock,Slide,Single,moderate
L507,UK,"30°45'39.3""","78°26'58.7""",TMS,Massive,>5m,Damp,yes,no,no,Moderate,Debris,Slide,Single,moderate
L508,UK,"30°50'0.2""","78°06'04""",CFS,Fractured,0-1m,Damp,yes,no,no,Moderate,Rock,Slide,Single,low
L509,UK,"30°51'46""","78°26'43""",MDDHS,Fractured,0-1m,Damp,yes,no,no,Moderate,Rock,Slide,Single,moderate
L510,UK,"30°45'40.6""","78°16'32.9""",MDDHS,Fractured,0-1m,Dripping,yes,no,no,Moderate,Rock,Slide,Single,moderate
L511,UK,"30°50'55.5""3","78°05'25.5""",LDDHS,Jointed,0-1m,Dripping,no,yes,no,Moderate,Rock,Slide,Single,moderate
L512,UK,"30°46'05.5""","78°16'21.3""",MDDHS,Fractured,>5m,Dry,no,yes,no,Moderate,Debris,Slide,Single,moderate
L513,UK,"30°51'19.9""","378°05'13.7""",TMS,Jointed,>5m,Dry,no,yes,yes,gentle,Debris,Slide,Multi,moderate
L514,UK,"30°53'23""","78°04'52""",TMS,Jointed,>5m,Dry,no,yes,no,Moderate,Debris,Slide,Multi,low
L515,UK,"30°45'32""","78°26'36""",TMS,Jointed,>5m,Dry,yes,no,no,Moderate,Debris,Slide,Single,low
L516,UK,"30°51'33.1""","378°05'06.2""",TMS,Jointed,>5m,Dry,no,yes,no,gentle,Debris,Slide,Multi,moderate
L517,UK,"30°46'42.2""","78°15'50.6""",TMS,Jointed,>5m,Dry,no,yes,no,Moderate,Debris,Slide,Single,moderate
L518,UK,"30°46'47.3""","78°15'48.8""",TMS,Jointed,>5m,Dry,no,yes,no,Moderate,Debris,Slide,Single,moderate
L519,UK,"30°50'46.8""","78°05'29.2""",TMS,Jointed,>5m,Dry,no,yes,no,Moderate,Debris,Slide,Single,moderate
L520,UK,"30°51'52.9""","78°04'55.5""",CFS,Massive,>5m,Dry,no,yes,no,Moderate,Debris,Slide,Succe.,moderate
L521,UK,"30°46'45.8""","378°27'14.5""",HDDHS,Massive,>5m,Dry,yes,no,no,Moderate,Debris,Slide,Single,moderate
L522,UK,"30°45'46.5""","78°06'31.5""",HDDHS,Massive,>5m,Dry,no,yes,no,Moderate,Debris,Slide,Single,moderate
L523,UK,"30°50'40.4""","378°05'31""",Terrace,Massive,>5m,Dry,no,yes,yes,gentle,Debris,Slide,Complex,moderate
L524,UK,"30°50'42.2""","78°05'30.8""",TMS,Massive,>5m,Dry,yes,yes,no,Moderate,Debris,Slide,Single,moderate
L525,UK,"30°50'44.2""","378°05'31.3""7",TMS,Massive,>5m,Dry,yes,yes,no,gentle,Debris,Slide,Multi,moderate
L526,UK,"30°46'07.2""","78°06'28.8""",AFP,Sheared,>5m,Dry,yes,no,no,Moderate,Debris,Slide,Single,moderate
L527,UK,"30°45'58""","78°06'18.5""",MDDHS,Sheared,>5m,Dry,no,yes,no,gentle,Debris,Slide,Multi,moderate
L528,UK,"30°45'02""","78°24'25.5""",MDDHS,Sheared,>5m,Dry,no,yes,yes,Moderate,Rock,Topple,Single,moderate
L529,UK,"30°46'03.3""","78°16'22.9""",Terrace,Sheared,>5m,Dry,yes,no,no,Moderate,Debris,Slide,Multi,moderate
L530,UK,"30°45'43.5""","78°06'43.6""",Terrace,Sheared,>5m,Dry,yes,no,no,Moderate,Debris,Slide,Single,moderate
L531,UK,"30°47'49.5""","78°09'51.3""",Terrace,Sheared,>5m,Dry,yes,no,no,Moderate,Debris,Slide,Single,low
L532,UK,"30°46'26.5""","78°06'38""",Terrace,Sheared,>5m,Dry,yes,no,no,Moderate,Debris,Slide,Single,high
L533,UK,"30°47'44.6""","78°10'22.9""",TMS,Sheared,>5m,Dry,yes,no,no,Moderate,Debris,Slide,Single,high
L534,UK,"30°48'02.3""","78°10'52.3""",MDDHS,Fractured,0-1m,Dry,yes,yes,no,Moderate,Debris,Slide,Single,low
L535,UK,"30°48'10.0""","78°11'22.3""",MDDHS,Fractured,0-1m,Dry,yes,yes,no,Moderate,Rock,Slide,Single,low
L536,UK,"30°54'18.6""","78°06'21.9""",HDDHS,Jointed,0-1m,Dry,no,yes,yes,gentle,Rock,Topple,Single,low
L537,UK,"30°45'19""","78°06'04.2""",MDDHS,Jointed,0-1m,Dry,yes,no,no,Moderate,Rock,Slide,Single,low
L538,UK,"30°51'23""","78°04'20""",MDDHS,Jointed,0-1m,Dry,no,yes,yes,gentle,Rock,Topple,Single,low
L539,UK,"30°47'29.1""3","78°23'52""",MDDHS,Jointed,0-1m,Dry,no,yes,no,Moderate,Rock,Slide,Single,high
L540,UK,"30°47'29.5""","78°23'54""",MDDHS,Jointed,0-1m,Dry,no,yes,yes,Moderate,Rock,Slide,Single,high
L541,UK,"30°45'49""","78°24'20""",MDDHS,Massive,0-1m,Dry,no,no,no,Moderate,Rock,Slide,Single,high
L542,UK,"30°54'35.8""","78°13'46""",TMS,Massive,0-1m,Dry,no,no,no,gentle,Rock,Slide,Single,high
L543,UK,"30°59'54.3""","78°01'42.5""",MDDHS,Sheared,0-1m,Dry,yes,yes,no,Moderate,Rock,Slide,Multi,high
L544,UK,"30°47'15""","78°23'42.2""",MDDHS,Sheared,0-1m,Dry,no,yes,no,Moderate,Rock,Slide,Single,high
L545,UK,"30°47'14""","78°23'44.3""",MDDHS,Sheared,0-1m,Dry,no,yes,no,Moderate,Rock,Slide,Single,high
L546,UK,"30°48'03.8""3","78°10'53.7""",MDDHS,Sheared,0-1m,Dry,no,yes,no,Moderate,Rock,Slide,Single,high
L547,Uprikot,"30°48'40""","78°22'32.5""",MDDHS,Sheared,0-1m,Dry,no,yes,no,Moderate,Rock,Slide,Single,high
L548,Uprikot,"30°48'27""","78°23'2.5""",CFS,Fractured,0-1m,Dry,no,no,no,gentle,Rock,Slide,Complex,high
L549,Utro,"30°47'01""","78°25'38""",DHS,Fractured,0-1m,Dry,no,no,no,Moderate,Rock,Slide,Single,low
L550,Utro,"30°47'33""","78°26'14""",DHS,Fractured,0-1m,Dry,no,no,no,Moderate,Rock,Slide,Single,low
L551,Utro,"30°47'05.5""","78°27'03""",DHS,Fractured,0-1m,Dry,no,no,no,Moderate,Rock,Slide,Single,high
L552,Utro,"30°47'06.3""","78°26'57.5""",HDDHS,Fractured,0-1m,Dry,no,no,no,Moderate,Rock,Slide,Single,high
L553,Utro,"30°46'32""","78°26'59""",LDDHS,Fractured,0-1m,Dry,no,no,no,Moderate,Rock,Slide,Single,high
L554,Chattanga,30°48'50.9,"78°13'18.9""",DHS,Jointed,0-1m,Dry,no,no,no,Moderate,Rock,Slide,Single,high
